koppor;2015-05-17/2015-05-19;2015-05-19/2015-06-01;2015-06-01/2015-06-15;2015-06-16/2015-06-21;2015-06-21/2015-06-30;2015-06-30/2015-07-03;2015-07-03/2015-08-25;2015-08-25/2015-09-10;2015-09-10/2015-10-19;2015-10-19/2015-11-11;2015-11-12/2015-11-15;2015-11-16/2015-11-19;2015-11-19/2015-11-23;2015-11-23/2015-11-29;2015-11-30/2015-12-06;2015-12-06/2016-04-17;2016-04-17/2016-09-16;2016-09-16/2017-02-15;2017-02-16/2020-01-15
fakepk;2015-06-11/2020-01-15
stefan-kolb;2015-08-24/2020-01-15
matthiasgeiger;2015-11-04/2020-01-15
